Name,Age,City
Bob Jones,27,Berlin
Ivy Moore,50,Tokyo
Henry Jones,56,Tokyo
Alice Johnson,31,Paris
Alice Davis,18,London
Frank Davis,60,New York
David Davis,59,Tokyo
Frank Smith,21,Berlin
Bob Jones,49,Paris
Frank Davis,41,Berlin
Jack Brown,49,London
Charlie Williams,37,New York
Frank Jones,20,London
Bob Williams,47,New York
Charlie Miller,40,London
David Jones,30,Tokyo
David Brown,27,New York
Alice Jones,60,Berlin
Henry Miller,41,London
Grace Taylor,49,Berlin
Henry Taylor,30,Berlin
Bob Smith,24,New York
Grace Taylor,34,Paris
Charlie Miller,26,London
Grace Wilson,41,New York
Frank Moore,23,New York
Ivy Miller,44,Tokyo
Henry Taylor,18,Paris
Frank Taylor,33,Berlin
Henry Moore,28,New York
Grace Brown,35,Paris
Alice Brown,20,London
Frank Miller,48,Berlin
Bob Moore,28,New York
Bob Miller,56,Paris
Frank Moore,30,Tokyo
Ivy Taylor,49,Paris
Eva Johnson,43,Paris
Eva Jones,45,London
Bob Johnson,49,Paris
David Johnson,59,London
David Wilson,18,Berlin
Henry Miller,33,Berlin
Charlie Taylor,43,Paris
Henry Taylor,29,Paris
Jack Taylor,38,London
Ivy Smith,22,Tokyo
Jack Wilson,44,London
Charlie Moore,37,Tokyo
Ivy Smith,31,London
Charlie Jones,50,London
David Taylor,55,Tokyo
Alice Miller,52,New York
David Miller,30,London
Eva Miller,46,Paris
Ivy Johnson,22,New York
Frank Jones,23,Paris
Jack Smith,19,Tokyo
Bob Williams,28,Berlin
Charlie Johnson,50,Tokyo
Henry Smith,29,New York
Eva Davis,22,Tokyo
Ivy Smith,43,London
Ivy Wilson,23,London
Grace Taylor,59,Berlin
Charlie Jones,51,London
Bob Williams,24,New York
Ivy Brown,48,Tokyo
Alice Brown,49,Tokyo
Bob Williams,56,Berlin
Frank Miller,32,Tokyo
Henry Miller,59,Tokyo
Grace Johnson,56,London
Grace Smith,58,Berlin
Charlie Wilson,37,Berlin
Alice Davis,59,New York
Eva Johnson,53,Tokyo
Eva Johnson,37,Tokyo
Grace Williams,57,Tokyo
Jack Brown,38,Paris
Henry Moore,60,Berlin
Frank Jones,49,Tokyo
Grace Smith,21,Tokyo
Charlie Smith,26,Paris
Frank Wilson,43,New York
Ivy Taylor,56,London
Eva Taylor,45,Tokyo
Alice Williams,30,New York
Grace Smith,47,Paris
Grace Taylor,33,Berlin
Frank Moore,18,New York
Bob Davis,22,Paris
Bob Taylor,59,London
Bob Smith,59,Berlin
Alice Williams,51,Berlin
David Wilson,35,New York
Grace Miller,22,London
Grace Taylor,33,Berlin
Frank Smith,34,Berlin
David Smith,39,Tokyo
Ivy Miller,26,New York
Alice Johnson,24,Berlin
Henry Johnson,46,Paris
Eva Brown,40,New York
Frank Brown,44,New York
David Williams,45,Tokyo
Ivy Moore,37,Berlin
Charlie Smith,22,New York
Grace Johnson,60,New York
Alice Moore,48,Paris
Eva Johnson,41,Paris
David Taylor,43,London
Bob Williams,26,Tokyo
Bob Moore,38,London
Eva Jones,19,London
Jack Williams,38,New York
Bob Miller,47,New York
David Jones,34,London
Grace Johnson,38,Berlin
Bob Williams,47,London
Grace Brown,58,London
Alice Davis,34,Tokyo
Jack Moore,22,Tokyo
Grace Jones,52,Berlin
Frank Williams,36,Paris
Frank Davis,33,New York
Frank Brown,32,Berlin
Alice Smith,42,London
Eva Miller,42,Paris
Alice Jones,29,London
Ivy Moore,40,New York
Frank Davis,30,London
Grace Wilson,46,New York
Charlie Moore,36,Tokyo
Ivy Johnson,56,Berlin
Eva Taylor,22,Tokyo
Grace Moore,26,New York
Eva Williams,42,Paris
Henry Davis,35,Berlin
Eva Brown,38,New York
Ivy Johnson,24,New York
David Brown,57,New York
Eva Jones,36,Berlin
Alice Johnson,43,London
Henry Miller,56,New York
Eva Davis,52,Berlin
David Jones,28,Tokyo
Frank Taylor,33,Tokyo
Eva Jones,36,Paris
Eva Brown,42,New York
Frank Johnson,23,Paris
Frank Jones,18,Paris
Frank Brown,20,Tokyo
Eva Smith,53,New York
Jack Wilson,32,London
Ivy Miller,45,Paris
Bob Miller,49,New York
Bob Johnson,46,Berlin
Ivy Williams,31,Tokyo
Eva Williams,24,Berlin
Grace Brown,47,Paris
Eva Williams,58,Berlin
Bob Miller,54,Paris
Bob Moore,39,New York
Ivy Wilson,47,Berlin
Frank Smith,40,Tokyo
Jack Williams,53,Tokyo
Henry Miller,40,London
Eva Smith,57,London
Ivy Miller,51,Paris
Ivy Davis,28,London
Bob Taylor,58,Paris
Grace Miller,29,Tokyo
Henry Taylor,24,Tokyo
Henry Jones,42,Tokyo
Charlie Johnson,58,London
Grace Jones,56,Berlin
Eva Jones,55,Tokyo
Jack Davis,36,Paris
Grace Brown,25,London
Grace Miller,24,Berlin
Eva Wilson,44,Berlin
Ivy Jones,44,Berlin
Ivy Davis,22,Paris
Bob Jones,60,London
Alice Brown,36,London
Henry Williams,31,Tokyo
Henry Miller,60,Tokyo
Charlie Wilson,30,Berlin
Henry Davis,52,New York
Jack Davis,44,Berlin
Henry Johnson,20,Berlin
Ivy Davis,52,London
Ivy Wilson,29,London
Jack Taylor,36,London
Bob Jones,32,London
Frank Taylor,21,Tokyo
Grace Jones,34,London
Bob Moore,45,New York
Bob Davis,57,Paris
